comparison,comparator_key,horizon,n_origins,mean_origin_rmse_pinn_gru,mean_origin_rmse_comparator,mean_origin_rmse_diff,diff_ci_low,diff_ci_high,paired_t_stat,paired_t_p,wilcoxon_stat,wilcoxon_p
PinnGRU - ARIMA,arima_per_region,7,32,11.128235175865674,11.16023973328579,-0.032004557420115765,-1.3936516177139942,1.3636215447366649,-0.04561512626663917,0.9639095969055835,263.0,0.9926442098803818
PinnGRU - ARIMA,arima_per_region,14,32,13.841209636647342,17.72580153520049,-3.884591898553147,-5.9679642798649954,-1.7363547918834104,-3.5030629003176488,0.0014213246378521486,107.0,0.0025649620220065117
PinnGRU - ARIMA,arima_per_region,21,32,22.81126167139014,23.008917137243476,-0.19765546585333427,-2.9898877928720364,2.617414781704355,-0.13652735624931414,0.8922872040077033,249.0,0.78912592260167
PinnGRU - ARIMA,arima_per_region,28,32,32.74159790177602,27.210644658151324,5.530953243624699,1.9634934889889644,9.046002726048085,3.0332700108437125,0.0048601382898313455,121.0,0.006478707771748304
PinnGRU - GRU per region,gru_per_region,7,32,11.128235175865674,13.838379855840689,-2.7101446799750146,-4.4235583379525085,-1.1362725085019483,-3.3292025238278793,0.0022566706513071164,113.0,0.0038655917160212994
PinnGRU - GRU per region,gru_per_region,14,32,13.841209636647342,20.79478496336784,-6.953575326720498,-10.213214780506307,-4.333501298460541,-4.551117122665739,7.74193212475959e-05,20.0,1.7276033759117126e-07
PinnGRU - GRU per region,gru_per_region,21,32,22.81126167139014,30.329486513028378,-7.518224841638235,-11.397307256069773,-4.316201945040246,-4.013488294016635,0.00035185693346007313,64.0,6.685266271233559e-05
PinnGRU - GRU per region,gru_per_region,28,32,32.74159790177602,42.10371044495861,-9.36211254318259,-11.863657332294295,-6.905239598792612,-7.191703244842172,4.367661173364477e-08,6.0,6.51925802230835e-09
